<?xml version="1.0" encoding="ISO-8859-1"?>
<root>
	<item id="Title"><![CDATA[Discuz! Style]]></item>
	<item id="Version"><![CDATA[X3.1]]></item>
	<item id="Time"><![CDATA[2013-11-18 22:25]]></item>
	<item id="From"><![CDATA[Discuz! Board (http://127.0.0.1/1/)]]></item>
	<item id="Data">
		<item id="styleid"><![CDATA[3]]></item>
		<item id="name"><![CDATA[粉色母婴女性模板]]></item>
		<item id="available"><![CDATA[1]]></item>
		<item id="templateid"><![CDATA[4]]></item>
		<item id="extstyle"><![CDATA[|]]></item>
		<item id="tplname"><![CDATA[粉色母婴女性模板]]></item>
		<item id="directory"><![CDATA[./template/comiis_kmx3fscsxy]]></item>
		<item id="copyright"><![CDATA[克米设计 http://www.comiis.com]]></item>
		<item id="style">
			<item id="smfont"><![CDATA[Arial]]></item>
			<item id="threadtitlefontsize"><![CDATA[14px]]></item>
			<item id="threadtitlefont"><![CDATA[Tahoma,'Microsoft Yahei','Simsun']]></item>
			<item id="smfontsize"><![CDATA[0.83em]]></item>
			<item id="tabletext"><![CDATA[#444]]></item>
			<item id="midtext"><![CDATA[#666]]></item>
			<item id="lighttext"><![CDATA[#999]]></item>
			<item id="link"><![CDATA[#444]]></item>
			<item id="highlightlink"><![CDATA[#1E50A2]]></item>
			<item id="noticetext"><![CDATA[#F60]]></item>
			<item id="bgcolor"><![CDATA[#fff]]></item>
			<item id="msgfontsize"><![CDATA[14px]]></item>
			<item id="sidebgcolor"><![CDATA[#fff vlineb.png repeat-y 0 0]]></item>
			<item id="headerborder"><![CDATA[0]]></item>
			<item id="headerbgcolor"><![CDATA[]]></item>
			<item id="inputborderdarkcolor"><![CDATA[#ccc]]></item>
			<item id="stypeid"><![CDATA[1]]></item>
			<item id="inputbg"><![CDATA[#FFF]]></item>
			<item id="commonborder"><![CDATA[#ddd]]></item>
			<item id="commonbg"><![CDATA[#f9f9f9]]></item>
			<item id="specialborder"><![CDATA[#ddd]]></item>
			<item id="specialbg"><![CDATA[#EDF5FF]]></item>
			<item id="dropmenuborder"><![CDATA[#ddd]]></item>
			<item id="floatmaskbgcolor"><![CDATA[#000]]></item>
			<item id="dropmenubgcolor"><![CDATA[#FEFEFE]]></item>
			<item id="floatbgcolor"><![CDATA[#FFF]]></item>
			<item id="lightlink"><![CDATA[#FFF]]></item>
			<item id="menuhoverbgcolor"><![CDATA[ nv_a.png no-repeat 50% -44px]]></item>
			<item id="titlebgcolor"><![CDATA[#eee titlebg.png repeat-x 0 0]]></item>
			<item id="fontsize"><![CDATA[12px/1.5]]></item>
			<item id="font"><![CDATA[Tahoma,'Microsoft Yahei','Simsun']]></item>
			<item id="styleimgdir"><![CDATA[template/comiis_kmx3fscsxy/img]]></item>
			<item id="imgdir"><![CDATA[template/comiis_kmx3fscsxy/img]]></item>
			<item id="boardimg"><![CDATA[comiis_logo.gif]]></item>
			<item id="available"><![CDATA[]]></item>
			<item id="headertext"><![CDATA[#444]]></item>
			<item id="footertext"><![CDATA[#666]]></item>
			<item id="menubgcolor"><![CDATA[ nv.png no-repeat 0 0]]></item>
			<item id="menutext"><![CDATA[#FFF]]></item>
			<item id="menuhovertext"><![CDATA[#FFF]]></item>
			<item id="wrapbg"><![CDATA[#FFF]]></item>
			<item id="wrapbordercolor"><![CDATA[#ddd]]></item>
			<item id="contentwidth"><![CDATA[630px]]></item>
			<item id="contentseparate"><![CDATA[#DDEAFA]]></item>
			<item id="inputborder"><![CDATA[#E0E0E0]]></item>
		</item>
		<item id="version"><![CDATA[X3.1]]></item>
	</item>
</root>
