<?xml version="1.0" encoding="ISO-8859-1"?>
<root>
	<item id="Title"><![CDATA[Discuz! Plugin]]></item>
	<item id="Version"><![CDATA[X2.5,X3,X3.1,X3.2]]></item>
	<item id="Time"><![CDATA[2015-07-15 16:51]]></item>
	<item id="From"><![CDATA[Discuz! Board (http://localhost/x32/)]]></item>
	<item id="Data">
		<item id="plugin">
			<item id="available"><![CDATA[1]]></item>
			<item id="adminid"><![CDATA[1]]></item>
			<item id="name"><![CDATA[【亮劍】二手市場]]></item>
			<item id="identifier"><![CDATA[aljes]]></item>
			<item id="description"><![CDATA[亮劍致力于打造最佳的二手市場模塊]]></item>
			<item id="datatables"><![CDATA[]]></item>
			<item id="directory"><![CDATA[aljes/]]></item>
			<item id="copyright"><![CDATA[亮劍(http://www.dzx30.com)]]></item>
			<item id="version"><![CDATA[2.2]]></item>
			<item id="__modules">
				<item id="0">
					<item id="name"><![CDATA[setting]]></item>
					<item id="param"><![CDATA[]]></item>
					<item id="menu"><![CDATA[常用設置]]></item>
					<item id="url"><![CDATA[]]></item>
					<item id="type"><![CDATA[3]]></item>
					<item id="adminid"><![CDATA[0]]></item>
					<item id="displayorder"><![CDATA[0]]></item>
					<item id="navtitle"><![CDATA[]]></item>
					<item id="navicon"><![CDATA[]]></item>
					<item id="navsubname"><![CDATA[]]></item>
					<item id="navsuburl"><![CDATA[]]></item>
				</item>
				<item id="1">
					<item id="name"><![CDATA[sj]]></item>
					<item id="param"><![CDATA[]]></item>
					<item id="menu"><![CDATA[]]></item>
					<item id="url"><![CDATA[]]></item>
					<item id="type"><![CDATA[28]]></item>
					<item id="adminid"><![CDATA[0]]></item>
					<item id="displayorder"><![CDATA[0]]></item>
					<item id="navtitle"><![CDATA[]]></item>
					<item id="navicon"><![CDATA[]]></item>
					<item id="navsubname"><![CDATA[]]></item>
					<item id="navsuburl"><![CDATA[]]></item>
				</item>
				<item id="2">
					<item id="name"><![CDATA[aljes]]></item>
					<item id="param"><![CDATA[]]></item>
					<item id="menu"><![CDATA[亮劍二手市場]]></item>
					<item id="url"><![CDATA[plugin.php?id=aljes]]></item>
					<item id="type"><![CDATA[1]]></item>
					<item id="adminid"><![CDATA[0]]></item>
					<item id="displayorder"><![CDATA[0]]></item>
					<item id="navtitle"><![CDATA[]]></item>
					<item id="navicon"><![CDATA[]]></item>
					<item id="navsubname"><![CDATA[]]></item>
					<item id="navsuburl"><![CDATA[]]></item>
				</item>
				<item id="3">
					<item id="name"><![CDATA[admin]]></item>
					<item id="param"><![CDATA[]]></item>
					<item id="menu"><![CDATA[數據管理]]></item>
					<item id="url"><![CDATA[]]></item>
					<item id="type"><![CDATA[3]]></item>
					<item id="adminid"><![CDATA[0]]></item>
					<item id="displayorder"><![CDATA[1]]></item>
					<item id="navtitle"><![CDATA[]]></item>
					<item id="navicon"><![CDATA[]]></item>
					<item id="navsubname"><![CDATA[]]></item>
					<item id="navsuburl"><![CDATA[]]></item>
				</item>
				<item id="4">
					<item id="name"><![CDATA[seo]]></item>
					<item id="param"><![CDATA[]]></item>
					<item id="menu"><![CDATA[SEO設置]]></item>
					<item id="url"><![CDATA[]]></item>
					<item id="type"><![CDATA[3]]></item>
					<item id="adminid"><![CDATA[0]]></item>
					<item id="displayorder"><![CDATA[2]]></item>
					<item id="navtitle"><![CDATA[]]></item>
					<item id="navicon"><![CDATA[]]></item>
					<item id="navsubname"><![CDATA[]]></item>
					<item id="navsuburl"><![CDATA[]]></item>
				</item>
				<item id="5">
					<item id="name"><![CDATA[region]]></item>
					<item id="param"><![CDATA[]]></item>
					<item id="menu"><![CDATA[地區管理]]></item>
					<item id="url"><![CDATA[]]></item>
					<item id="type"><![CDATA[3]]></item>
					<item id="adminid"><![CDATA[0]]></item>
					<item id="displayorder"><![CDATA[10]]></item>
					<item id="navtitle"><![CDATA[]]></item>
					<item id="navicon"><![CDATA[]]></item>
					<item id="navsubname"><![CDATA[]]></item>
					<item id="navsuburl"><![CDATA[]]></item>
				</item>
				<item id="6">
					<item id="name"><![CDATA[position]]></item>
					<item id="param"><![CDATA[]]></item>
					<item id="menu"><![CDATA[分類管理]]></item>
					<item id="url"><![CDATA[]]></item>
					<item id="type"><![CDATA[3]]></item>
					<item id="adminid"><![CDATA[0]]></item>
					<item id="displayorder"><![CDATA[20]]></item>
					<item id="navtitle"><![CDATA[]]></item>
					<item id="navicon"><![CDATA[]]></item>
					<item id="navsubname"><![CDATA[]]></item>
					<item id="navsuburl"><![CDATA[]]></item>
				</item>
				<item id="7">
					<item id="name"><![CDATA[attes]]></item>
					<item id="param"><![CDATA[]]></item>
					<item id="menu"><![CDATA[認證管理]]></item>
					<item id="url"><![CDATA[]]></item>
					<item id="type"><![CDATA[3]]></item>
					<item id="adminid"><![CDATA[0]]></item>
					<item id="displayorder"><![CDATA[30]]></item>
					<item id="navtitle"><![CDATA[]]></item>
					<item id="navicon"><![CDATA[]]></item>
					<item id="navsubname"><![CDATA[]]></item>
					<item id="navsuburl"><![CDATA[]]></item>
				</item>
				<item id="8">
					<item id="name"><![CDATA[upgrade]]></item>
					<item id="param"><![CDATA[]]></item>
					<item id="menu"><![CDATA[修復插件]]></item>
					<item id="url"><![CDATA[]]></item>
					<item id="type"><![CDATA[3]]></item>
					<item id="adminid"><![CDATA[0]]></item>
					<item id="displayorder"><![CDATA[40]]></item>
					<item id="navtitle"><![CDATA[]]></item>
					<item id="navicon"><![CDATA[]]></item>
					<item id="navsubname"><![CDATA[]]></item>
					<item id="navsuburl"><![CDATA[]]></item>
				</item>
				<item id="9">
					<item id="name"><![CDATA[app]]></item>
					<item id="param"><![CDATA[]]></item>
					<item id="menu"><![CDATA[亮劍應用中心]]></item>
					<item id="url"><![CDATA[]]></item>
					<item id="type"><![CDATA[3]]></item>
					<item id="adminid"><![CDATA[0]]></item>
					<item id="displayorder"><![CDATA[50]]></item>
					<item id="navtitle"><![CDATA[]]></item>
					<item id="navicon"><![CDATA[]]></item>
					<item id="navsubname"><![CDATA[]]></item>
					<item id="navsuburl"><![CDATA[]]></item>
				</item>
			</item>
		</item>
		<item id="version"><![CDATA[X2.5,X3,X3.1,X3.2]]></item>
		<item id="var">
			<item id="0">
				<item id="displayorder"><![CDATA[0]]></item>
				<item id="title"><![CDATA[新舊程度]]></item>
				<item id="description"><![CDATA[格式︰ID=新舊程度]]></item>
				<item id="variable"><![CDATA[new]]></item>
				<item id="type"><![CDATA[textarea]]></item>
				<item id="value"><![CDATA[1=全新
2=99成新
3=95成新
4=9成新
5=8成新
6=7成新
7=6成新
8=5成新及以下]]></item>
				<item id="extra"><![CDATA[]]></item>
			</item>
			<item id="1">
				<item id="displayorder"><![CDATA[0]]></item>
				<item id="title"><![CDATA[游客登錄查看電話號碼]]></item>
				<item id="description"><![CDATA[選是游客未登錄只能看到帶*號的電話號碼需要登錄才能看到完整電話，反之游客直接可以看到完整電話號碼]]></item>
				<item id="variable"><![CDATA[isyouke]]></item>
				<item id="type"><![CDATA[radio]]></item>
				<item id="value"><![CDATA[0]]></item>
				<item id="extra"><![CDATA[]]></item>
			</item>
			<item id="2">
				<item id="displayorder"><![CDATA[0]]></item>
				<item id="title"><![CDATA[價格]]></item>
				<item id="description"><![CDATA[格式︰價格1-價格2=價格
例︰500元以下如︰500-=500元以下
例︰3000-4000元如︰3000-4000=3000-4000元
例︰4000元以上如︰-4000=4000元以上]]></item>
				<item id="variable"><![CDATA[jg]]></item>
				<item id="type"><![CDATA[textarea]]></item>
				<item id="value"><![CDATA[500-=500元以下
500-1500=500-1500元
1500-2000=1500-2000元
2000-3000=2000-3000元
3000-4000=3000-4000元
4000-5000=4000-5000元
-5000=5000元以上]]></item>
				<item id="extra"><![CDATA[]]></item>
			</item>
			<item id="3">
				<item id="displayorder"><![CDATA[0]]></item>
				<item id="title"><![CDATA[供求]]></item>
				<item id="description"><![CDATA[格式︰ID=供求]]></item>
				<item id="variable"><![CDATA[gongqiu]]></item>
				<item id="type"><![CDATA[textarea]]></item>
				<item id="value"><![CDATA[1=求購
2=轉讓]]></item>
				<item id="extra"><![CDATA[]]></item>
			</item>
			<item id="4">
				<item id="displayorder"><![CDATA[0]]></item>
				<item id="title"><![CDATA[類型]]></item>
				<item id="description"><![CDATA[格式︰ID=品牌名
添加三級分類支持，此設置作廢，請到分類管理中添加分類]]></item>
				<item id="variable"><![CDATA[pinpai]]></item>
				<item id="type"><![CDATA[textarea]]></item>
				<item id="value"><![CDATA[1=手機
2=電腦
3=房子]]></item>
				<item id="extra"><![CDATA[]]></item>
			</item>
			<item id="5">
				<item id="displayorder"><![CDATA[0]]></item>
				<item id="title"><![CDATA[是否審核數據]]></item>
				<item id="description"><![CDATA[選是用戶發布數據將需要管理員審核後才會顯示
選否發布數據直接顯示]]></item>
				<item id="variable"><![CDATA[isreview]]></item>
				<item id="type"><![CDATA[radio]]></item>
				<item id="value"><![CDATA[0]]></item>
				<item id="extra"><![CDATA[]]></item>
			</item>
			<item id="6">
				<item id="displayorder"><![CDATA[0]]></item>
				<item id="title"><![CDATA[最新信息是否過慮搞定信息]]></item>
				<item id="description"><![CDATA[]]></item>
				<item id="variable"><![CDATA[is_solve]]></item>
				<item id="type"><![CDATA[radio]]></item>
				<item id="value"><![CDATA[0]]></item>
				<item id="extra"><![CDATA[]]></item>
			</item>
			<item id="7">
				<item id="displayorder"><![CDATA[0]]></item>
				<item id="title"><![CDATA[列表頁是否顯示小導航]]></item>
				<item id="description"><![CDATA[]]></item>
				<item id="variable"><![CDATA[is_daohang]]></item>
				<item id="type"><![CDATA[radio]]></item>
				<item id="value"><![CDATA[0]]></item>
				<item id="extra"><![CDATA[]]></item>
			</item>
			<item id="8">
				<item id="displayorder"><![CDATA[0]]></item>
				<item id="title"><![CDATA[模板顯示樣式]]></item>
				<item id="description"><![CDATA[]]></item>
				<item id="variable"><![CDATA[template_all]]></item>
				<item id="type"><![CDATA[select]]></item>
				<item id="value"><![CDATA[1]]></item>
				<item id="extra"><![CDATA[1 = 百姓網
2 = 58]]></item>
			</item>
			<item id="9">
				<item id="displayorder"><![CDATA[0]]></item>
				<item id="title"><![CDATA[免審核用戶組]]></item>
				<item id="description"><![CDATA[]]></item>
				<item id="variable"><![CDATA[m_groups]]></item>
				<item id="type"><![CDATA[groups]]></item>
				<item id="extra"><![CDATA[]]></item>
				<item id="__value">
					<item id="0"><![CDATA[1]]></item>
				</item>
			</item>
			<item id="10">
				<item id="displayorder"><![CDATA[0]]></item>
				<item id="title"><![CDATA[列表頁小導航名稱]]></item>
				<item id="description"><![CDATA[格式︰名稱|名稱
默認︰最新信息|搞定了]]></item>
				<item id="variable"><![CDATA[list_daohang]]></item>
				<item id="type"><![CDATA[textarea]]></item>
				<item id="value"><![CDATA[最新信息|搞定了]]></item>
				<item id="extra"><![CDATA[]]></item>
			</item>
			<item id="11">
				<item id="displayorder"><![CDATA[1]]></item>
				<item id="title"><![CDATA[列表頁默認顯示圖文方式]]></item>
				<item id="description"><![CDATA[]]></item>
				<item id="variable"><![CDATA[isitem]]></item>
				<item id="type"><![CDATA[radio]]></item>
				<item id="value"><![CDATA[1]]></item>
				<item id="extra"><![CDATA[]]></item>
			</item>
			<item id="12">
				<item id="displayorder"><![CDATA[2]]></item>
				<item id="title"><![CDATA[列表頁廣告位]]></item>
				<item id="description"><![CDATA[安裝廣告位組件後才會生效]]></item>
				<item id="variable"><![CDATA[img]]></item>
				<item id="type"><![CDATA[textarea]]></item>
				<item id="value"><![CDATA[<a href="#"><img src="source/plugin/aljes/images/3932_ad2_1.jpg" style="width:240px;"></img></a>]]></item>
				<item id="extra"><![CDATA[]]></item>
			</item>
			<item id="13">
				<item id="displayorder"><![CDATA[2]]></item>
				<item id="title"><![CDATA[詳情頁廣告位]]></item>
				<item id="description"><![CDATA[安裝廣告位組件後才會生效]]></item>
				<item id="variable"><![CDATA[img2]]></item>
				<item id="type"><![CDATA[textarea]]></item>
				<item id="value"><![CDATA[<a href="#"><img src="source/plugin/aljes/images/img2.jpg" style="width:268px;height:230px;"></a>]]></item>
				<item id="extra"><![CDATA[]]></item>
			</item>
			<item id="14">
				<item id="displayorder"><![CDATA[3]]></item>
				<item id="title"><![CDATA[列表頁分頁數量]]></item>
				<item id="description"><![CDATA[]]></item>
				<item id="variable"><![CDATA[page]]></item>
				<item id="type"><![CDATA[number]]></item>
				<item id="value"><![CDATA[10]]></item>
				<item id="extra"><![CDATA[]]></item>
			</item>
			<item id="15">
				<item id="displayorder"><![CDATA[4]]></item>
				<item id="title"><![CDATA[列表頁公告]]></item>
				<item id="description"><![CDATA[]]></item>
				<item id="variable"><![CDATA[gg]]></item>
				<item id="type"><![CDATA[text]]></item>
				<item id="value"><![CDATA[這是測試公告可以在插件設置中編輯]]></item>
				<item id="extra"><![CDATA[]]></item>
			</item>
			<item id="16">
				<item id="displayorder"><![CDATA[5]]></item>
				<item id="title"><![CDATA[列表頁公告鏈接]]></item>
				<item id="description"><![CDATA[]]></item>
				<item id="variable"><![CDATA[ggurl]]></item>
				<item id="type"><![CDATA[text]]></item>
				<item id="value"><![CDATA[#]]></item>
				<item id="extra"><![CDATA[]]></item>
			</item>
			<item id="17">
				<item id="displayorder"><![CDATA[5]]></item>
				<item id="title"><![CDATA[列表頁公告文字顏色]]></item>
				<item id="description"><![CDATA[]]></item>
				<item id="variable"><![CDATA[ggcolor]]></item>
				<item id="type"><![CDATA[color]]></item>
				<item id="value"><![CDATA[]]></item>
				<item id="extra"><![CDATA[]]></item>
			</item>
			<item id="18">
				<item id="displayorder"><![CDATA[6]]></item>
				<item id="title"><![CDATA[刷新積分類型]]></item>
				<item id="description"><![CDATA[]]></item>
				<item id="variable"><![CDATA[reflashextcredit]]></item>
				<item id="type"><![CDATA[extcredit]]></item>
				<item id="value"><![CDATA[2]]></item>
				<item id="extra"><![CDATA[]]></item>
			</item>
			<item id="19">
				<item id="displayorder"><![CDATA[7]]></item>
				<item id="title"><![CDATA[刷新需要消耗的積分數量]]></item>
				<item id="description"><![CDATA[需安裝刷新組件]]></item>
				<item id="variable"><![CDATA[reflashpay]]></item>
				<item id="type"><![CDATA[number]]></item>
				<item id="value"><![CDATA[1]]></item>
				<item id="extra"><![CDATA[]]></item>
			</item>
			<item id="20">
				<item id="displayorder"><![CDATA[8]]></item>
				<item id="title"><![CDATA[置頂積分類型]]></item>
				<item id="description"><![CDATA[]]></item>
				<item id="variable"><![CDATA[topextcredit]]></item>
				<item id="type"><![CDATA[extcredit]]></item>
				<item id="value"><![CDATA[2]]></item>
				<item id="extra"><![CDATA[]]></item>
			</item>
			<item id="21">
				<item id="displayorder"><![CDATA[9]]></item>
				<item id="title"><![CDATA[置頂需要消耗的積分數量]]></item>
				<item id="description"><![CDATA[需安裝置頂組件]]></item>
				<item id="variable"><![CDATA[toppay]]></item>
				<item id="type"><![CDATA[number]]></item>
				<item id="value"><![CDATA[1]]></item>
				<item id="extra"><![CDATA[]]></item>
			</item>
			<item id="22">
				<item id="displayorder"><![CDATA[10]]></item>
				<item id="title"><![CDATA[列表頁SEO-標題]]></item>
				<item id="description"><![CDATA[]]></item>
				<item id="variable"><![CDATA[title]]></item>
				<item id="type"><![CDATA[textarea]]></item>
				<item id="value"><![CDATA[亮劍二手市場]]></item>
				<item id="extra"><![CDATA[]]></item>
			</item>
			<item id="23">
				<item id="displayorder"><![CDATA[11]]></item>
				<item id="title"><![CDATA[列表頁SEO-關鍵詞]]></item>
				<item id="description"><![CDATA[]]></item>
				<item id="variable"><![CDATA[keywords]]></item>
				<item id="type"><![CDATA[textarea]]></item>
				<item id="value"><![CDATA[亮劍二手市場]]></item>
				<item id="extra"><![CDATA[]]></item>
			</item>
			<item id="24">
				<item id="displayorder"><![CDATA[12]]></item>
				<item id="title"><![CDATA[列表頁SEO-描述]]></item>
				<item id="description"><![CDATA[]]></item>
				<item id="variable"><![CDATA[description]]></item>
				<item id="type"><![CDATA[textarea]]></item>
				<item id="value"><![CDATA[亮劍二手市場]]></item>
				<item id="extra"><![CDATA[]]></item>
			</item>
			<item id="25">
				<item id="displayorder"><![CDATA[13]]></item>
				<item id="title"><![CDATA[允許發布用戶組]]></item>
				<item id="description"><![CDATA[]]></item>
				<item id="variable"><![CDATA[lj_groups]]></item>
				<item id="type"><![CDATA[groups]]></item>
				<item id="extra"><![CDATA[]]></item>
				<item id="__value">
					<item id="0"><![CDATA[10]]></item>
					<item id="1"><![CDATA[11]]></item>
					<item id="2"><![CDATA[12]]></item>
					<item id="3"><![CDATA[13]]></item>
					<item id="4"><![CDATA[14]]></item>
					<item id="5"><![CDATA[15]]></item>
					<item id="6"><![CDATA[20]]></item>
					<item id="7"><![CDATA[16]]></item>
					<item id="8"><![CDATA[17]]></item>
					<item id="9"><![CDATA[18]]></item>
					<item id="10"><![CDATA[19]]></item>
					<item id="11"><![CDATA[1]]></item>
					<item id="12"><![CDATA[2]]></item>
					<item id="13"><![CDATA[3]]></item>
				</item>
			</item>
			<item id="26">
				<item id="displayorder"><![CDATA[14]]></item>
				<item id="title"><![CDATA[不允許發布提示語]]></item>
				<item id="description"><![CDATA[]]></item>
				<item id="variable"><![CDATA[lj_tsy]]></item>
				<item id="type"><![CDATA[textarea]]></item>
				<item id="value"><![CDATA[您所在的用戶組暫時無法發布，請努力升級！]]></item>
				<item id="extra"><![CDATA[]]></item>
			</item>
			<item id="27">
				<item id="displayorder"><![CDATA[15]]></item>
				<item id="title"><![CDATA[導航名稱]]></item>
				<item id="description"><![CDATA[]]></item>
				<item id="variable"><![CDATA[daohang]]></item>
				<item id="type"><![CDATA[text]]></item>
				<item id="value"><![CDATA[二手市場]]></item>
				<item id="extra"><![CDATA[]]></item>
			</item>
			<item id="28">
				<item id="displayorder"><![CDATA[16]]></item>
				<item id="title"><![CDATA[是否顯示手機版鏈接]]></item>
				<item id="description"><![CDATA[]]></item>
				<item id="variable"><![CDATA[sjurl]]></item>
				<item id="type"><![CDATA[radio]]></item>
				<item id="value"><![CDATA[1]]></item>
				<item id="extra"><![CDATA[]]></item>
			</item>
			<item id="29">
				<item id="displayorder"><![CDATA[17]]></item>
				<item id="title"><![CDATA[查看頁聲明]]></item>
				<item id="description"><![CDATA[{sitename}=網站名稱]]></item>
				<item id="variable"><![CDATA[shengming]]></item>
				<item id="type"><![CDATA[textarea]]></item>
				<item id="value"><![CDATA[(^_^)聯系的時候告訴我是在{sitename}看到的這條消息]]></item>
				<item id="extra"><![CDATA[]]></item>
			</item>
			<item id="30">
				<item id="displayorder"><![CDATA[18]]></item>
				<item id="title"><![CDATA[未傳圖默認圖片地址]]></item>
				<item id="description"><![CDATA[默認地址︰source/plugin/aljes/images/photo_64.jpg]]></item>
				<item id="variable"><![CDATA[mr_src]]></item>
				<item id="type"><![CDATA[text]]></item>
				<item id="value"><![CDATA[source/plugin/aljes/images/photo_64.jpg]]></item>
				<item id="extra"><![CDATA[]]></item>
			</item>
			<item id="31">
				<item id="displayorder"><![CDATA[19]]></item>
				<item id="title"><![CDATA[是否開啟偽靜態]]></item>
				<item id="description"><![CDATA[請上傳插件規則後再開啟此開關，否則會找不到頁面]]></item>
				<item id="variable"><![CDATA[isrewrite]]></item>
				<item id="type"><![CDATA[radio]]></item>
				<item id="value"><![CDATA[0]]></item>
				<item id="extra"><![CDATA[]]></item>
			</item>
			<item id="32">
				<item id="displayorder"><![CDATA[20]]></item>
				<item id="title"><![CDATA[首頁偽靜態規則]]></item>
				<item id="description"><![CDATA[默認︰ershou.html
修改此設置請對應修改偽靜態規則中的規則]]></item>
				<item id="variable"><![CDATA[re_index]]></item>
				<item id="type"><![CDATA[text]]></item>
				<item id="value"><![CDATA[ershou.html]]></item>
				<item id="extra"><![CDATA[]]></item>
			</item>
			<item id="33">
				<item id="displayorder"><![CDATA[21]]></item>
				<item id="title"><![CDATA[信息查看頁偽靜態規則]]></item>
				<item id="description"><![CDATA[默認︰ershou_{id}.html
{id}=編號ID
修改此設置請對應修改偽靜態規則中的規則]]></item>
				<item id="variable"><![CDATA[re_view]]></item>
				<item id="type"><![CDATA[text]]></item>
				<item id="value"><![CDATA[ershou_{id}.html]]></item>
				<item id="extra"><![CDATA[]]></item>
			</item>
			<item id="34">
				<item id="displayorder"><![CDATA[22]]></item>
				<item id="title"><![CDATA[分享代碼]]></item>
				<item id="description"><![CDATA[]]></item>
				<item id="variable"><![CDATA[fenxiang]]></item>
				<item id="type"><![CDATA[textarea]]></item>
				<item id="value"><![CDATA[<div class="jiathis_style">
	<span class="jiathis_txt">分享到︰</span>
	<a class="jiathis_button_tools_1"></a>
	<a class="jiathis_button_tools_2"></a>
	<a href="http://www.jiathis.com/share" class="jiathis jiathis_txt jiathis_separator jtico jtico_jiathis" target="_blank">更多</a>
	<a class="jiathis_counter_style"></a>
</div>
<script type="text/javascript" src="http://v3.jiathis.com/code/jia.js?uid=1375634427209135" charset="utf-8"></script>]]></item>
				<item id="extra"><![CDATA[]]></item>
			</item>
			<item id="35">
				<item id="displayorder"><![CDATA[23]]></item>
				<item id="title"><![CDATA[上傳圖片大小限制]]></item>
				<item id="description"><![CDATA[]]></item>
				<item id="variable"><![CDATA[img_size]]></item>
				<item id="type"><![CDATA[number]]></item>
				<item id="value"><![CDATA[1024]]></item>
				<item id="extra"><![CDATA[]]></item>
			</item>
			<item id="36">
				<item id="displayorder"><![CDATA[24]]></item>
				<item id="title"><![CDATA[信息同步到版塊]]></item>
				<item id="description"><![CDATA[需安裝同步組件
留空不同步]]></item>
				<item id="variable"><![CDATA[es_fid]]></item>
				<item id="type"><![CDATA[forum]]></item>
				<item id="value"><![CDATA[]]></item>
				<item id="extra"><![CDATA[]]></item>
			</item>
			<item id="37">
				<item id="displayorder"><![CDATA[25]]></item>
				<item id="title"><![CDATA[同步到版塊主題分類ID下]]></item>
				<item id="description"><![CDATA[請填寫版塊下的主題分類ID]]></item>
				<item id="variable"><![CDATA[threadtypes]]></item>
				<item id="type"><![CDATA[number]]></item>
				<item id="value"><![CDATA[2]]></item>
				<item id="extra"><![CDATA[]]></item>
			</item>
			<item id="38">
				<item id="displayorder"><![CDATA[26]]></item>
				<item id="title"><![CDATA[是否開啟評論站內通知]]></item>
				<item id="description"><![CDATA[]]></item>
				<item id="variable"><![CDATA[is_ping]]></item>
				<item id="type"><![CDATA[radio]]></item>
				<item id="value"><![CDATA[0]]></item>
				<item id="extra"><![CDATA[]]></item>
			</item>
			<item id="39">
				<item id="displayorder"><![CDATA[26]]></item>
				<item id="title"><![CDATA[頁面色調自定義]]></item>
				<item id="description"><![CDATA[組件版需要安裝頁面色調自定義組件
可以修改原先頁面上紅色為自定義顏色]]></item>
				<item id="variable"><![CDATA[y_color]]></item>
				<item id="type"><![CDATA[color]]></item>
				<item id="value"><![CDATA[#e74c3c]]></item>
				<item id="extra"><![CDATA[]]></item>
			</item>
			<item id="40">
				<item id="displayorder"><![CDATA[27]]></item>
				<item id="title"><![CDATA[作者其它信息顯示條數]]></item>
				<item id="description"><![CDATA[]]></item>
				<item id="variable"><![CDATA[qitanum]]></item>
				<item id="type"><![CDATA[number]]></item>
				<item id="value"><![CDATA[5]]></item>
				<item id="extra"><![CDATA[]]></item>
			</item>
			<item id="41">
				<item id="displayorder"><![CDATA[28]]></item>
				<item id="title"><![CDATA[發布信息消耗積分類型]]></item>
				<item id="description"><![CDATA[]]></item>
				<item id="variable"><![CDATA[releaseextcredit]]></item>
				<item id="type"><![CDATA[extcredit]]></item>
				<item id="value"><![CDATA[2]]></item>
				<item id="extra"><![CDATA[]]></item>
			</item>
			<item id="42">
				<item id="displayorder"><![CDATA[29]]></item>
				<item id="title"><![CDATA[發布信息消耗積分數量]]></item>
				<item id="description"><![CDATA[需安裝發布信息收費組件]]></item>
				<item id="variable"><![CDATA[releasepay]]></item>
				<item id="type"><![CDATA[number]]></item>
				<item id="value"><![CDATA[1]]></item>
				<item id="extra"><![CDATA[]]></item>
			</item>
			<item id="43">
				<item id="displayorder"><![CDATA[30]]></item>
				<item id="title"><![CDATA[微社區鏈接1描述]]></item>
				<item id="description"><![CDATA[]]></item>
				<item id="variable"><![CDATA[wsq_1]]></item>
				<item id="type"><![CDATA[text]]></item>
				<item id="value"><![CDATA[訪問二手市場，開始你的淘寶之路]]></item>
				<item id="extra"><![CDATA[]]></item>
			</item>
			<item id="44">
				<item id="displayorder"><![CDATA[31]]></item>
				<item id="title"><![CDATA[微社區鏈接2描述]]></item>
				<item id="description"><![CDATA[]]></item>
				<item id="variable"><![CDATA[wsq_2]]></item>
				<item id="type"><![CDATA[text]]></item>
				<item id="value"><![CDATA[有寶貝待售？快來發布吧]]></item>
				<item id="extra"><![CDATA[]]></item>
			</item>
			<item id="45">
				<item id="displayorder"><![CDATA[32]]></item>
				<item id="title"><![CDATA[展示頁留言底部提示語]]></item>
				<item id="description"><![CDATA[]]></item>
				<item id="variable"><![CDATA[message_prompt]]></item>
				<item id="type"><![CDATA[textarea]]></item>
				<item id="value"><![CDATA[小貼士︰本頁信息由用戶及第三方發布，真實性、合法性由發布人負責。]]></item>
				<item id="extra"><![CDATA[]]></item>
			</item>
			<item id="46">
				<item id="displayorder"><![CDATA[33]]></item>
				<item id="title"><![CDATA[手機版底部]]></item>
				<item id="description"><![CDATA[]]></item>
				<item id="variable"><![CDATA[footer]]></item>
				<item id="type"><![CDATA[textarea]]></item>
				<item id="value"><![CDATA[<li><a class="edit" href="plugin.php?id=aljes&act=user" rel="nofollow">用戶中心</a></li><li><a href="plugin.php?id=aljes&act=post" rel="nofollow">發布信息</a></li><li><a href="forum.php" rel="nofollow">論壇</a></li><li><a href="#">回頂部</a></li>]]></item>
				<item id="extra"><![CDATA[]]></item>
			</item>
			<item id="47">
				<item id="displayorder"><![CDATA[34]]></item>
				<item id="title"><![CDATA[手機版頂部LOGO路徑]]></item>
				<item id="description"><![CDATA[手機版頂部LOGO需要自定義請填寫圖片路徑，未填寫調用網站LOGO
大小︰50*24]]></item>
				<item id="variable"><![CDATA[sj_logo]]></item>
				<item id="type"><![CDATA[text]]></item>
				<item id="value"><![CDATA[]]></item>
				<item id="extra"><![CDATA[]]></item>
			</item>
			<item id="48">
				<item id="displayorder"><![CDATA[34]]></item>
				<item id="title"><![CDATA[手機版檢索下方AD]]></item>
				<item id="description"><![CDATA[]]></item>
				<item id="variable"><![CDATA[mobile_ad_1]]></item>
				<item id="type"><![CDATA[textarea]]></item>
				<item id="value"><![CDATA[]]></item>
				<item id="extra"><![CDATA[]]></item>
			</item>
			<item id="49">
				<item id="displayorder"><![CDATA[34]]></item>
				<item id="title"><![CDATA[手機版分頁上方AD]]></item>
				<item id="description"><![CDATA[]]></item>
				<item id="variable"><![CDATA[mobile_ad_2]]></item>
				<item id="type"><![CDATA[textarea]]></item>
				<item id="value"><![CDATA[]]></item>
				<item id="extra"><![CDATA[]]></item>
			</item>
			<item id="50">
				<item id="displayorder"><![CDATA[34]]></item>
				<item id="title"><![CDATA[手機版分頁下方AD]]></item>
				<item id="description"><![CDATA[]]></item>
				<item id="variable"><![CDATA[mobile_ad_3]]></item>
				<item id="type"><![CDATA[textarea]]></item>
				<item id="value"><![CDATA[]]></item>
				<item id="extra"><![CDATA[]]></item>
			</item>
			<item id="51">
				<item id="displayorder"><![CDATA[34]]></item>
				<item id="title"><![CDATA[手機版信息頁底部AD]]></item>
				<item id="description"><![CDATA[]]></item>
				<item id="variable"><![CDATA[mobile_ad_4]]></item>
				<item id="type"><![CDATA[textarea]]></item>
				<item id="value"><![CDATA[]]></item>
				<item id="extra"><![CDATA[]]></item>
			</item>
			<item id="52">
				<item id="displayorder"><![CDATA[35]]></item>
				<item id="title"><![CDATA[認證提示語]]></item>
				<item id="description"><![CDATA[]]></item>
				<item id="variable"><![CDATA[r_tsy]]></item>
				<item id="type"><![CDATA[textarea]]></item>
				<item id="value"><![CDATA[<p>友情提示︰</p>
<p>1、請上傳清晰、完整、文字可識別的圖片；上傳的圖片尺寸大于400*400像素；</p>
<p>2、身份證姓名等信息需要與本站一致；</p>
<p>3、如未通過認證，請檢查照片上傳是否正確，是否有涂改、PS痕跡，請勿上傳電子版、復印版名片。</p>
<p><b style="color:red">4、個人認證與商家認證申請一個即可，多次提交會覆蓋上次提交的信息。（如︰個人認證提交後再提交商家認證時，會刪除個人認證信息保留商家認證，反之同理）</b></p>
<p>5、認證通過後，修改提交將重新收費待審核。</p>]]></item>
				<item id="extra"><![CDATA[]]></item>
			</item>
			<item id="53">
				<item id="displayorder"><![CDATA[36]]></item>
				<item id="title"><![CDATA[認證消耗積分類型]]></item>
				<item id="description"><![CDATA[]]></item>
				<item id="variable"><![CDATA[r_ext]]></item>
				<item id="type"><![CDATA[extcredit]]></item>
				<item id="value"><![CDATA[2]]></item>
				<item id="extra"><![CDATA[]]></item>
			</item>
			<item id="54">
				<item id="displayorder"><![CDATA[37]]></item>
				<item id="title"><![CDATA[認證消耗積分數]]></item>
				<item id="description"><![CDATA[格式︰個人認證消耗積分|商家認證消耗積分]]></item>
				<item id="variable"><![CDATA[r_pay]]></item>
				<item id="type"><![CDATA[text]]></item>
				<item id="value"><![CDATA[1|2]]></item>
				<item id="extra"><![CDATA[]]></item>
			</item>
		</item>
		<item id="language">
			<item id="scriptlang">
				<item id="aljes_1"><![CDATA[請先登錄！]]></item>
				<item id="aljes_2"><![CDATA[標題不能為空]]></item>
				<item id="aljes_3"><![CDATA[請上傳.jpg .gif .png格式的圖片]]></item>
				<item id="aljes_4"><![CDATA[發布成功\]]></item>
				<item id="aljes_5"><![CDATA[更新成功\]]></item>
				<item id="aljes_6"><![CDATA[您查看的租房信息不存在]]></item>
				<item id="aljes_7"><![CDATA[刪除成功\]]></item>
				<item id="aljes_8"><![CDATA[您無權此操作！]]></item>
				<item id="aljes_9"><![CDATA[內容不能為空！]]></item>
				<item id="aljes_10"><![CDATA[留言成功\！]]></item>
				<item id="aljes_11"><![CDATA[求購]]></item>
				<item id="aljes_12"><![CDATA[轉讓]]></item>
				<item id="aljes_23"><![CDATA[面議]]></item>
				<item id="aljes_24"><![CDATA[所在地必須選擇！]]></item>
				<item id="aljes_25"><![CDATA[聯系電話必須填寫！]]></item>
				<item id="aljes_26"><![CDATA[上傳圖片不能超過]]></item>
				<item id="aljes_27"><![CDATA[您發布的信息]]></item>
				<item id="aljes_28"><![CDATA[有一條新的評論]]></item>
				<item id="aljes_29"><![CDATA[點擊查看]]></item>
				<item id="aljes_30"><![CDATA[您在]]></item>
				<item id="aljes_31"><![CDATA[中的評論有新的回復]]></item>
				<item id="aljes_32"><![CDATA[評論管理]]></item>
				<item id="aljes_42"><![CDATA[請上傳照片！]]></item>
				<item id="aljes_43"><![CDATA[提交成功\，請等待審核！]]></item>
				<item id="region_1"><![CDATA[你確認要刪除嗎？]]></item>
				<item id="region_2"><![CDATA[排序]]></item>
				<item id="region_3"><![CDATA[名稱]]></item>
				<item id="region_4"><![CDATA[操作]]></item>
				<item id="region_5"><![CDATA[刪除]]></item>
				<item id="region_6"><![CDATA[添加地區]]></item>
				<item id="region_7"><![CDATA[添加成功\！]]></item>
				<item id="region_8"><![CDATA[添加子地區]]></item>
				<item id="top_1"><![CDATA[不足]]></item>
				<item id="top_2"><![CDATA[置頂成功\]]></item>
				<item id="top_3"><![CDATA[天數不能為負數！！]]></item>
				<item id="reflash_1"><![CDATA[刷新成功\]]></item>
				<item id="admin_1"><![CDATA[更新成功\]]></item>
				<item id="admin_2"><![CDATA[標題]]></item>
				<item id="admin_3"><![CDATA[發布時間]]></item>
				<item id="admin_4"><![CDATA[最後更新時間]]></item>
				<item id="admin_5"><![CDATA[價格]]></item>
				<item id="admin_6"><![CDATA[推薦&nbsp;操作]]></item>
				<item id="admin_7"><![CDATA[編輯]]></item>
				<item id="admin_8"><![CDATA[<font style="font-size:26px;color:red">您未安裝二手信息管理組件(<a href="http://addon.discuz.com/?@aljes.plugin.34388">去安裝</a>)</br>友情提示︰商業版包含全部組件哦！</font>]]></item>
				<item id="sj_1"><![CDATA[上一頁]]></item>
				<item id="sj_2"><![CDATA[下一頁]]></item>
				<item id="thread_1"><![CDATA[[size=4][url=plugin.php?id=aljes&act=view&lid={lid}]{title}[/url] [url=plugin.php?id=aljes&act=view&lid={lid}][color=red](點擊查看詳情)[/color][/url]<br/>]]></item>
				<item id="thread_2"><![CDATA[供求:{wanted}<br/>價格:{zujin}<br/>類型:{zf_type}<br/>聯系電話:{tel}<br/>]]></item>
				<item id="thread_3"><![CDATA[新舊程度︰{new}<br/>]]></item>
				<item id="thread_4"><![CDATA[QQ︰[qq]{qq}[/qq]<br/>]]></item>
				<item id="thread_5"><![CDATA[聯系人︰{lxr}<br/>]]></item>
				<item id="thread_6"><![CDATA[地區︰{region} - {region1} - {region2}<br/>]]></item>
				<item id="thread_7"><![CDATA[地區︰{region} - {region1}<br/>]]></item>
				<item id="thread_8"><![CDATA[地區︰{region}<br/>]]></item>
				<item id="thread_9"><![CDATA[[color=red]聲明︰[/color]{shengming}<br/><br/>]]></item>
				<item id="thread_10"><![CDATA[(點擊查看詳情)]]></item>
				<item id="wsq_1"><![CDATA[訪問二手市場，開始你的淘寶之路]]></item>
				<item id="wsq_2"><![CDATA[有寶貝待售？快來發布吧]]></item>
				<item id="admin_15"><![CDATA[操作]]></item>
				<item id="admin_16"><![CDATA[批量審核]]></item>
				<item id="admin_17"><![CDATA[審/刪?]]></item>
				<item id="admin_18"><![CDATA[批量刪除]]></item>
				<item id="Please_select_a_province"><![CDATA[請選擇一個省份！]]></item>
				<item id="region_import"><![CDATA[導入系統地區表到插件表]]></item>
				<item id="region_annotation"><![CDATA[<ul id="tipslis"><li>使用導入系統地區表的功\能時，請先<a href="admin.php?action=plugins&operation=config&identifier=aljes&pmod=region&act=empty">清空插件地區表</a>再導入，避免導入重復地區</li>
<li>導入系統地區表到插件表時請選擇一個省份導入，插件會把系統地區表中該省份對應的城、鎮、鄉導入到插件表（以此類推）</li>
</ul>]]></item>
				<item id="The_re_release_of_success"><![CDATA[重新發布成功\！]]></item>
				<item id="To_get_success!"><![CDATA[搞定成功\！]]></item>
				<item id="importtips"><![CDATA[請先清空地區表！]]></item>
				<item id="position_1"><![CDATA[你確認要刪除嗎？]]></item>
				<item id="position_2"><![CDATA[排序]]></item>
				<item id="position_3"><![CDATA[名稱]]></item>
				<item id="position_4"><![CDATA[操作]]></item>
				<item id="position_5"><![CDATA[刪除]]></item>
				<item id="position_6"><![CDATA[添加]]></item>
				<item id="position_7"><![CDATA[更新成功\！]]></item>
				<item id="position_8"><![CDATA[添加分類]]></item>
				<item id="Personal"><![CDATA[個人]]></item>
				<item id="The_merchant"><![CDATA[商家]]></item>
				<item id="The_success_of"><![CDATA[收藏成功\]]></item>
				<item id="To_examine"><![CDATA[發布成功\，請等待管理員審核！]]></item>
				<item id="bbname"><![CDATA[站點名稱]]></item>
				<item id="code"><![CDATA[可用代碼，點擊插入: ]]></item>
				<item id="pay"><![CDATA[價格]]></item>
				<item id="new"><![CDATA[新舊程序]]></item>
				<item id="cat"><![CDATA[一級分類]]></item>
				<item id="cat1"><![CDATA[二級分類]]></item>
				<item id="cat2"><![CDATA[三級分類]]></item>
				<item id="page_list"><![CDATA[列表頁]]></item>
				<item id="page_view"><![CDATA[詳情頁]]></item>
				<item id="page_quanbu"><![CDATA[作者全部信息]]></item>
				<item id="page_post"><![CDATA[發布頁]]></item>
				<item id="page_edit"><![CDATA[編輯頁]]></item>
				<item id="page_member"><![CDATA[發布的信息]]></item>
				<item id="page_collection"><![CDATA[我的收藏]]></item>
				<item id="page_adminlp"><![CDATA[管理信息]]></item>
				<item id="page_adminuser"><![CDATA[用戶管理]]></item>
				<item id="page_adminreflash"><![CDATA[刷新記錄]]></item>
				<item id="page_admintop"><![CDATA[置頂記錄]]></item>
				<item id="page_attes"><![CDATA[我的認證]]></item>
				<item id="page_appointment"><![CDATA[我的預約]]></item>
				<item id="region"><![CDATA[一級地區]]></item>
				<item id="region2"><![CDATA[二級地區]]></item>
				<item id="region3"><![CDATA[三級地區]]></item>
				<item id="seotitle"><![CDATA[標題(title)]]></item>
				<item id="seokeywords"><![CDATA[關鍵詞(keywords)]]></item>
				<item id="seodescription"><![CDATA[描述(description)]]></item>
				<item id="seo_update_succeed"><![CDATA[SEO設置成功\更新]]></item>
				<item id="yuan"><![CDATA[元]]></item>
				<item id="yuan_1"><![CDATA[元 - ]]></item>
				<item id="yuan_2"><![CDATA[元以下]]></item>
				<item id="yuan_3"><![CDATA[元以上]]></item>
				<item id="Time_must_choose"><![CDATA[預約服務時間必須選擇]]></item>
				<item id="Contacts_must_be_filled_out"><![CDATA[聯系人必須填寫]]></item>
				<item id="Phone_number_to_fill_in"><![CDATA[手機號必須填寫]]></item>
				<item id="Appointment_success"><![CDATA[預約成功\，請等候商家聯系]]></item>
				<item id="Can_not_apply_for"><![CDATA[自己不能申請預約哦！]]></item>
				<item id="notification_add_yuyue"><![CDATA[您有一條二手市場的預約信息,請盡快查收 <a href="plugin.php?id=aljpx&act=appointment_list" target="_blank">點擊查看</a>]]></item>
			</item>
			<item id="templatelang">
				<item id="post_1"><![CDATA[二手市場]]></item>
				<item id="post_2"><![CDATA[1. 選擇類目]]></item>
				<item id="post_3"><![CDATA[ > 類型)]]></item>
				<item id="post_4"><![CDATA[2. 填寫信息]]></item>
				<item id="post_5"><![CDATA[3. 完成發布]]></item>
				<item id="post_6"><![CDATA[基本信息]]></item>
				<item id="post_7"><![CDATA[標題︰]]></item>
				<item id="post_8"><![CDATA[類型︰]]></item>
				<item id="post_9"><![CDATA[價格︰]]></item>
				<item id="post_10"><![CDATA[元]]></item>
				<item id="post_11"><![CDATA[描述︰]]></item>
				<item id="post_12"><![CDATA[上傳照片︰]]></item>
				<item id="post_13"><![CDATA[所在地︰]]></item>
				<item id="post_14"><![CDATA[地區]]></item>
				<item id="post_15"><![CDATA[地區其他]]></item>
				<item id="post_16"><![CDATA[所在地]]></item>
				<item id="post_17"><![CDATA[具體地點]]></item>
				<item id="post_18"><![CDATA[聯系電話︰]]></item>
				<item id="post_19"><![CDATA[例:138******** 或 0591-88888888]]></item>
				<item id="post_20"><![CDATA[展開]]></item>
				<item id="post_21"><![CDATA[補充信息]]></item>
				<item id="post_22"><![CDATA[（填寫更多信息，獲得更好推廣效果！）]]></item>
				<item id="post_23"><![CDATA[免費發布]]></item>
				<item id="post_24"><![CDATA[聯系電話]]></item>
				<item id="post_25"><![CDATA[描述]]></item>
				<item id="post_26"><![CDATA[價格]]></item>
				<item id="post_27"><![CDATA[類型]]></item>
				<item id="post_28"><![CDATA[500元以下,500-1000元,1000-1500元,1500-2000元,2000-3000元,3000-4000元,4000元以上]]></item>
				<item id="post_29"><![CDATA[供求︰]]></item>
				<item id="post_30"><![CDATA[轉讓]]></item>
				<item id="post_31"><![CDATA[求購]]></item>
				<item id="post_32"><![CDATA[供求]]></item>
				<item id="post_33"><![CDATA[QQ號︰]]></item>
				<item id="post_34"><![CDATA[QQ號]]></item>
				<item id="post_35"><![CDATA[新舊程度︰]]></item>
				<item id="post_36"><![CDATA[新舊程度]]></item>
				<item id="post_37"><![CDATA[聯系人︰]]></item>
				<item id="post_38"><![CDATA[如︰李先生]]></item>
				<item id="post_39"><![CDATA[(填寫0與未填寫都為面議)]]></item>
				<item id="mnav_1"><![CDATA[發布的信息]]></item>
				<item id="mnav_2"><![CDATA[管理二手信息]]></item>
				<item id="mnav_3"><![CDATA[用戶管理]]></item>
				<item id="mnav_4"><![CDATA[刷新記錄]]></item>
				<item id="mnav_5"><![CDATA[置頂記錄]]></item>
				<item id="member_1"><![CDATA[發布信息]]></item>
				<item id="member_2"><![CDATA[編號]]></item>
				<item id="member_3"><![CDATA[標題]]></item>
				<item id="member_4"><![CDATA[發布時間]]></item>
				<item id="member_5"><![CDATA[最後更新時間]]></item>
				<item id="member_6"><![CDATA[操作]]></item>
				<item id="member_7"><![CDATA[你確定要更新嗎？更新需要消耗]]></item>
				<item id="member_8"><![CDATA[更新]]></item>
				<item id="member_9"><![CDATA[你確定要置頂嗎？置頂一天需要]]></item>
				<item id="member_10"><![CDATA[置頂]]></item>
				<item id="member_11"><![CDATA[編輯]]></item>
				<item id="member_12"><![CDATA[你確定要刪除嗎？]]></item>
				<item id="member_13"><![CDATA[刪除]]></item>
				<item id="index_1"><![CDATA[修改/刪除信息]]></item>
				<item id="index_2"><![CDATA[地區]]></item>
				<item id="index_3"><![CDATA[全部地區]]></item>
				<item id="index_4"><![CDATA[全部]]></item>
				<item id="index_5"><![CDATA[類型]]></item>
				<item id="index_6"><![CDATA[不限]]></item>
				<item id="index_7"><![CDATA[價格]]></item>
				<item id="index_8"><![CDATA[500元以下]]></item>
				<item id="index_9"><![CDATA[500-1000元]]></item>
				<item id="index_10"><![CDATA[1000-1500元]]></item>
				<item id="index_11"><![CDATA[1500-2000元]]></item>
				<item id="index_12"><![CDATA[2000-3000元]]></item>
				<item id="index_13"><![CDATA[3000-4000元]]></item>
				<item id="index_14"><![CDATA[4000元以上]]></item>
				<item id="index_15"><![CDATA[自定義區間︰]]></item>
				<item id="index_16"><![CDATA[元]]></item>
				<item id="index_17"><![CDATA[篩選]]></item>
				<item id="index_18"><![CDATA[點此免費發布]]></item>
				<item id="index_19"><![CDATA[置頂]]></item>
				<item id="index_20"><![CDATA[天]]></item>
				<item id="index_21"><![CDATA[置頂信息]]></item>
				<item id="index_22"><![CDATA[最新信息]]></item>
				<item id="index_23"><![CDATA[人氣]]></item>
				<item id="index_24"><![CDATA[今日瀏覽]]></item>
				<item id="index_25"><![CDATA[昨日瀏覽]]></item>
				<item id="index_26"><![CDATA[[轉讓]]]></item>
				<item id="index_27"><![CDATA[[求購]]]></item>
				<item id="index_28"><![CDATA[推薦信息]]></item>
				<item id="index_29"><![CDATA[瀏覽方式︰]]></item>
				<item id="index_30"><![CDATA[圖文]]></item>
				<item id="index_31"><![CDATA[列表]]></item>
				<item id="index_32"><![CDATA[頂]]></item>
				<item id="index_33"><![CDATA[發布信息]]></item>
				<item id="index_34"><![CDATA[信息管理]]></item>
				<item id="index_35"><![CDATA[今天]]></item>
				<item id="index_36"><![CDATA[信息]]></item>
				<item id="adminuser_1"><![CDATA[發布信息]]></item>
				<item id="adminuser_2"><![CDATA[用戶名]]></item>
				<item id="adminuser_3"><![CDATA[信息數量]]></item>
				<item id="adminuser_4"><![CDATA[更新數量]]></item>
				<item id="adminuser_5"><![CDATA[置頂數量]]></item>
				<item id="adminuser_6"><![CDATA[最後活動時間]]></item>
				<item id="admintop_1"><![CDATA[發布者]]></item>
				<item id="admintop_2"><![CDATA[操作人]]></item>
				<item id="admintop_3"><![CDATA[消耗]]></item>
				<item id="admintop_4"><![CDATA[置頂時間]]></item>
				<item id="admintop_5"><![CDATA[到期時間]]></item>
				<item id="admintop_6"><![CDATA[舊數據]]></item>
				<item id="admintop_7"><![CDATA[相同信息的到期時間以排在最前的一條為準！！]]></item>
				<item id="adminreflash_1"><![CDATA[更新者]]></item>
				<item id="adminreflash_2"><![CDATA[刷新時間]]></item>
				<item id="adminlp_1"><![CDATA[選擇用戶︰]]></item>
				<item id="adminlp_2"><![CDATA[請選擇]]></item>
				<item id="adminlp_3"><![CDATA[發布者用戶名]]></item>
				<item id="adminlp_4"><![CDATA[發布時間]]></item>
				<item id="adminlp_5"><![CDATA[操作]]></item>
				<item id="adminlp_6"><![CDATA[友情提示︰更新可以讓信息更靠前的位置展示哦，刷新每次需要]]></item>
				<item id="view_1"><![CDATA[[地圖及交通]]]></item>
				<item id="view_2"><![CDATA[首次發布于︰]]></item>
				<item id="view_3"><![CDATA[Y年m月d日 H:i]]></item>
				<item id="view_4"><![CDATA[次瀏覽]]></item>
				<item id="view_5"><![CDATA[信息編號︰]]></item>
				<item id="view_6"><![CDATA[小貼士︰本頁信息由用戶及第三方發布，真實性、合法性由發布人負責。]]></item>
				<item id="view_7"><![CDATA[注冊時間︰]]></item>
				<item id="view_8"><![CDATA[在線咨詢]]></item>
				<item id="view_9"><![CDATA[地區︰]]></item>
				<item id="view_10"><![CDATA[作者其它信息]]></item>
				<item id="view_11"><![CDATA[聲明︰]]></item>
				<item id="view_12"><![CDATA[發私信]]></item>
				<item id="view_13"><![CDATA[添加關注]]></item>
				<item id="view_14"><![CDATA[面議]]></item>
				<item id="so_1"><![CDATA[搜索二手市場]]></item>
				<item id="so_2"><![CDATA[搜索]]></item>
				<item id="sj_1"><![CDATA[返回首頁]]></item>
				<item id="sj_2"><![CDATA[發布]]></item>
				<item id="sj_3"><![CDATA[類型︰]]></item>
				<item id="sj_6"><![CDATA[價格︰]]></item>
				<item id="sj_11"><![CDATA[所在地︰]]></item>
				<item id="sj_12"><![CDATA[點擊撥打]]></item>
				<item id="sj_13"><![CDATA[免費發布]]></item>
				<item id="sj_14"><![CDATA[選擇地區︰]]></item>
				<item id="sj_15"><![CDATA[選擇類型︰]]></item>
				<item id="sj_16"><![CDATA[選擇價格︰]]></item>
				<item id="sj_17"><![CDATA[選擇新舊程度]]></item>
				<item id="sj_18"><![CDATA[選擇供求]]></item>
				<item id="sj_19"><![CDATA[當前時間︰]]></item>
				<item id="commen_1"><![CDATA[留言]]></item>
				<item id="commen_2"><![CDATA[不能給自己發布的信息留言。]]></item>
				<item id="commen_3"><![CDATA[回復]]></item>
				<item id="commen_4"><![CDATA[刪除]]></item>
				<item id="addtop_1"><![CDATA[購買置頂]]></item>
				<item id="addtop_2"><![CDATA[購買置頂服務可以讓您的信息排在靠前的位置，效果更好！]]></item>
				<item id="addtop_3"><![CDATA[日價格︰]]></item>
				<item id="addtop_4"><![CDATA[您目前可以購買︰]]></item>
				<item id="addtop_5"><![CDATA[購買天數︰]]></item>
				<item id="addtop_6"><![CDATA[所需]]></item>
				<item id="addtop_7"><![CDATA[到期時間︰]]></item>
				<item id="addtop_8"><![CDATA[購買]]></item>
				<item id="admin_c_1"><![CDATA[評論內容管理]]></item>
				<item id="admin_c_2"><![CDATA[用戶名]]></item>
				<item id="admin_c_3"><![CDATA[內容]]></item>
				<item id="admin_c_4"><![CDATA[提交時間]]></item>
				<item id="admin_c_5"><![CDATA[操作]]></item>
				<item id="admin_c_6"><![CDATA[刪除]]></item>
				<item id="qrcode_1"><![CDATA[掃描二維碼進入手機版]]></item>
				<item id="qrcode_2"><![CDATA[二維碼]]></item>
				<item id="qrcode_3"><![CDATA[掃描二維碼進入]]></item>
				<item id="qrcode_4"><![CDATA[手機版]]></item>
				<item id="view_100"><![CDATA[點擊查看完整號碼]]></item>
				<item id="view_101"><![CDATA[經紀人]]></item>
				<item id="view_102"><![CDATA[該信息來至“]]></item>
				<item id="view_103"><![CDATA[客戶端]]></item>
				<item id="view_104"><![CDATA[”]]></item>
				<item id="index_100"><![CDATA[共有 ]]></item>
				<item id="index_101"><![CDATA[ 條數據]]></item>
				<item id="more"><![CDATA[更多]]></item>
				<item id="all"><![CDATA[的全部信息]]></item>
				<item id="admin_nav_1"><![CDATA[未審]]></item>
				<item id="admin_nav_2"><![CDATA[已審]]></item>
				<item id="Management_Center"><![CDATA[管理中心]]></item>
				<item id="empty_annotation"><![CDATA[<li>使用導入系統地區表的功\能時，請先<a href="admin.php?action=plugins&operation=config&identifier=aljes&pmod=region&act=empty">清空插件地區表</a>再導入，避免導入重復地區</li>
<li>導入系統地區表到插件表時請選擇一個省份導入，插件會把系統地區表中該省份對應的城、鎮、鄉導入到插件表（以此類推）</li>]]></item>
				<item id="empty_region"><![CDATA[清空插件地區表]]></item>
				<item id="Sorting_region"><![CDATA[排序]]></item>
				<item id="Name_region"><![CDATA[名稱]]></item>
				<item id="Operation_region"><![CDATA[操作]]></item>
				<item id="add_region"><![CDATA[添加]]></item>
				<item id="Import_region"><![CDATA[導入]]></item>
				<item id="s107"><![CDATA[技巧提示]]></item>
				<item id="s108"><![CDATA[點擊“編輯”設置地區子目錄。]]></item>
				<item id="s109"><![CDATA[地區:]]></item>
				<item id="s110"><![CDATA[編輯]]></item>
				<item id="s111"><![CDATA[新增:]]></item>
				<item id="s112"><![CDATA[刪?]]></item>
				<item id="s113"><![CDATA[提交]]></item>
				<item id="s114"><![CDATA[按 Enter 鍵可隨時提交您的修改]]></item>
				<item id="s115"><![CDATA[請選擇地區]]></item>
				<item id="People"><![CDATA[人]]></item>
				<item id="Time"><![CDATA[時間]]></item>
				<item id="The_user_center"><![CDATA[用戶中心]]></item>
				<item id="Look_at_the_pictures"><![CDATA[看圖]]></item>
				<item id="Fig"><![CDATA[圖]]></item>
				<item id="Details_of_the_information"><![CDATA[信息詳情]]></item>
				<item id="go_back"><![CDATA[返回]]></item>
				<item id="Registration"><![CDATA[注冊]]></item>
				<item id="I_published_information"><![CDATA[我發布的信息]]></item>
				<item id="Display_information"><![CDATA[顯示中的信息]]></item>
				<item id="The_re_release"><![CDATA[重新發布]]></item>
				<item id="You_sure_get_this_information"><![CDATA[您確認搞定了這條信息嗎？]]></item>
				<item id="To_release_information_to_the_first_page"><![CDATA[重新發布後可使用“刷新”將發布時間更新為最新時間，並將信息排到第一頁。]]></item>
				<item id="Release_confirmed"><![CDATA[確認發布]]></item>
				<item id="To_get_information"><![CDATA[搞定信息]]></item>
				<item id="Delete_information"><![CDATA[刪除信息]]></item>
				<item id="Do_you_have"><![CDATA[您有]]></item>
				<item id="Confirm_the_top"><![CDATA[確認置頂]]></item>
				<item id="Confirm_the_fix"><![CDATA[確認搞定]]></item>
				<item id="Confirm_delete"><![CDATA[確認刪除]]></item>
				<item id="Done"><![CDATA[搞定了！]]></item>
				<item id="Done_1"><![CDATA[搞定了]]></item>
				<item id="s19"><![CDATA[文字加粗]]></item>
				<item id="s20"><![CDATA[設置文字顏色]]></item>
				<item id="s21"><![CDATA[圖片]]></item>
				<item id="s22"><![CDATA[添加鏈接]]></item>
				<item id="p_commen"><![CDATA[說說你的看法...]]></item>
				<item id="Collection_time"><![CDATA[收藏時間]]></item>
				<item id="attes_18"><![CDATA[身份證照片︰]]></item>
				<item id="attes_19"><![CDATA[上傳]]></item>
				<item id="attes_20"><![CDATA[當前照片]]></item>
				<item id="attes_21"><![CDATA[範例]]></item>
				<item id="attes_22"><![CDATA[身份證號碼︰]]></item>
				<item id="attes_23"><![CDATA[請填寫15位或18位的身份證號]]></item>
				<item id="attes_24"><![CDATA[提 交]]></item>
				<item id="attes_28"><![CDATA[公司名︰]]></item>
				<item id="attes_29"><![CDATA[門店名︰]]></item>
				<item id="attes_30"><![CDATA[營業執照號︰]]></item>
				<item id="attes_31"><![CDATA[營業執照︰]]></item>
				<item id="attes_32"><![CDATA[個人認證]]></item>
				<item id="attes_33"><![CDATA[商家認證]]></item>
				<item id="attes_34"><![CDATA[申請人]]></item>
				<item id="attes_35"><![CDATA[認證類型]]></item>
				<item id="attes_36"><![CDATA[商家名]]></item>
				<item id="attes_37"><![CDATA[照片]]></item>
				<item id="attes_38"><![CDATA[申請時間]]></item>
				<item id="attes_39"><![CDATA[狀態]]></item>
				<item id="attes_40"><![CDATA[已審核]]></item>
				<item id="attes_41"><![CDATA[未審核]]></item>
				<item id="attes_42"><![CDATA[審]]></item>
				<item id="attes_43"><![CDATA[刪？]]></item>
				<item id="attes_44"><![CDATA[批量審核]]></item>
				<item id="attes_45"><![CDATA[批量刪除]]></item>
				<item id="attes_46"><![CDATA[提交]]></item>
				<item id="attes_47"><![CDATA[待審]]></item>
				<item id="attes_48"><![CDATA[已審]]></item>
				<item id="Authentication_consumption_integral"><![CDATA[注意:認證需要消耗積分︰個人認證消耗]]></item>
				<item id="Merchant_authentication_consumption"><![CDATA[，商家認證消耗]]></item>
				<item id="License_certification"><![CDATA[企業營業執照已認證]]></item>
				<item id="Personal_authentication"><![CDATA[個人身份已認證]]></item>
				<item id="More_brands"><![CDATA[更新品牌]]></item>
				<item id="Take_the_brand"><![CDATA[收起品牌]]></item>
				<item id="Small_class"><![CDATA[小類]]></item>
				<item id="The_old_and_the_new"><![CDATA[新舊]]></item>
				<item id="Regional"><![CDATA[區域]]></item>
				<item id="More_areas"><![CDATA[更多地區]]></item>
				<item id="Fold_area"><![CDATA[收起地區]]></item>
				<item id="This_type_of_search"><![CDATA[搜本類]]></item>
				<item id="Just_look_at_the_map"><![CDATA[只看有圖]]></item>
				<item id="The_default_sort"><![CDATA[默認排序]]></item>
				<item id="According_to_the_time"><![CDATA[按時間]]></item>
				<item id="According_to_the_price"><![CDATA[按價格]]></item>
				<item id="My_certification"><![CDATA[我的認證]]></item>
				<item id="My_collection"><![CDATA[我的收藏]]></item>
				<item id="Release_date"><![CDATA[發布日期]]></item>
				<item id="Browse_times"><![CDATA[瀏覽次數]]></item>
				<item id="Collection"><![CDATA[收藏]]></item>
				<item id="Has_the_collection"><![CDATA[已收藏]]></item>
				<item id="Report"><![CDATA[舉報]]></item>
				<item id="The_seller"><![CDATA[賣家︰]]></item>
				<item id="Contact"><![CDATA[聯系︰]]></item>
				<item id="Post"><![CDATA[發帖]]></item>
				<item id="Article"><![CDATA[條]]></item>
				<item id="Item_details"><![CDATA[物品詳情]]></item>
				<item id="More_sellers"><![CDATA[還有更多賣家在轉讓“]]></item>
				<item id="More_sellers_1"><![CDATA[”]]></item>
				<item id="Contact_information"><![CDATA[聯系方式︰]]></item>
				<item id="Telephone_contact"><![CDATA[電話聯系]]></item>
				<item id="Item_description"><![CDATA[物品描述]]></item>
				<item id="See_more_sellers"><![CDATA[查看更多賣家轉讓的iPhone5s]]></item>
				<item id="Telephone"><![CDATA[電話]]></item>
				<item id="Individual_center"><![CDATA[個人中心]]></item>
				<item id="Forum"><![CDATA[論壇]]></item>
				<item id="Back_to_top"><![CDATA[回頂部]]></item>
				<item id="Account"><![CDATA[賬戶]]></item>
				<item id="Release"><![CDATA[發布]]></item>
				<item id="The_home_page"><![CDATA[首頁]]></item>
				<item id="Top"><![CDATA[置頂]]></item>
				<item id="My_reservation"><![CDATA[我的預約]]></item>
				<item id="Free_reservation"><![CDATA[免費預約]]></item>
				<item id="Detail_description"><![CDATA[詳情描述]]></item>
				<item id="Reservation_record"><![CDATA[預約記錄]]></item>
				<item id="The_shop_has_a_total_of_booking"><![CDATA[本店鋪累計預約]]></item>
				<item id="ci"><![CDATA[次]]></item>
				<item id="Buyers"><![CDATA[買家]]></item>
				<item id="Commodity_name"><![CDATA[商品名稱]]></item>
				<item id="Trading_hours"><![CDATA[交易時間]]></item>
				<item id="Human_evaluation"><![CDATA[人評價]]></item>
				<item id="Appointment"><![CDATA[人預約]]></item>
				<item id="Registration_booking_service"><![CDATA[您當前正在登記預約以下服務︰]]></item>
				<item id="Total_evaluation"><![CDATA[評價總數︰]]></item>
				<item id="Total_number_of_appointments"><![CDATA[預約總數︰]]></item>
				<item id="Service_name"><![CDATA[商品名稱︰]]></item>
				<item id="Contact_phone"><![CDATA[聯系電話︰]]></item>
				<item id="Date"><![CDATA[日&nbsp;&nbsp;&nbsp;&nbsp;期]]></item>
				<item id="Please_enter_a_date"><![CDATA[請輸入預約服務日期]]></item>
				<item id="Contact_person"><![CDATA[聯&nbsp;系&nbsp;人]]></item>
				<item id="Please_enter_your_name"><![CDATA[請輸入聯系人姓名]]></item>
				<item id="sir"><![CDATA[先生]]></item>
				<item id="Maam"><![CDATA[女士]]></item>
				<item id="Cell_phone_number"><![CDATA[手&nbsp;機&nbsp;號]]></item>
				<item id="Enter_the_phone_number"><![CDATA[請輸入聯系人手機號]]></item>
				<item id="Message"><![CDATA[留&nbsp;&nbsp;&nbsp;&nbsp;言]]></item>
				<item id="Please_enter_a_message"><![CDATA[請輸入留言或預約內容]]></item>
				<item id="Submit_an_appointment"><![CDATA[提交預約]]></item>
				<item id="mobile_index"><![CDATA[首頁]]></item>
				<item id="delete"><![CDATA[刪除]]></item>
				<item id="tips"><![CDATA[小提示:前台最多只展示您上傳的前8張圖片]]></item>
				<item id="er1"><![CDATA[上傳失敗,錯誤代碼為︰]]></item>
				<item id="er2"><![CDATA[錯誤信息]]></item>
				<item id="m1"><![CDATA[您這張]]></item>
				<item id="m2"><![CDATA[圖片大小過大，應小于]]></item>
				<item id="m3"><![CDATA[文件]]></item>
				<item id="m4"><![CDATA[不是圖片。]]></item>
				<item id="m5"><![CDATA[圖片]]></item>
				<item id="m6"><![CDATA[上傳失敗！]]></item>
			</item>
		</item>
		<item id="installfile"><![CDATA[install.php]]></item>
		<item id="uninstallfile"><![CDATA[uninstall.php]]></item>
		<item id="upgradefile"><![CDATA[upgrade.php]]></item>
	</item>
</root>